Toppagina's,Aantal klikken,Vertoningen,CTR,Positie
https://snackspot.online/,78,1366,5.71%,6.06
http://snackspot.online/,5,26,19.23%,3.54
https://snackspot.online/product,4,139,2.88%,4.94
https://snackspot.online/guides,4,105,3.81%,5.95
https://snackspot.online/nearby,1,208,0.48%,13.28
https://snackspot.online/review/cmnusrnwa00cpd2fmh9169u2m?from=place:3b6fbfb5-dc82-4ed4-bc55-bd84f3c0fa75:feed,1,1,100%,12
https://snackspot.online/place/0d0e3708-c40b-43f1-b833-1463b312d7c2,0,10,0%,8.5
https://snackspot.online/place/4e32a2f8-02bd-46d1-8b54-d9add97ef96b,0,9,0%,4.33
https://snackspot.online/review/cmmiyvzis0010tukw200637uv,0,9,0%,10.11
https://snackspot.online/place/602a8df4-0cdd-4dd5-a71b-f64b60dc7be3,0,9,0%,11
https://snackspot.online/u/snackspert,0,6,0%,8.67
https://snackspot.online/review/cmo60gwdr001f12iq1trle5gy,0,3,0%,8.67
https://snackspot.online/imprint,0,3,0%,9
https://snackspot.online/privacy,0,3,0%,9
https://snackspot.online/subprocessors,0,3,0%,9
https://snackspot.online/terms,0,3,0%,9
https://snackspot.online/releases,0,2,0%,4
https://snackspot.online/review/cmqpgiekn003111poff21l1lr,0,2,0%,4.5
https://snackspot.online/place/602a8df4-0cdd-4dd5-a71b-f64b60dc7be3?from=feed,0,2,0%,7.5
https://snackspot.online/review/cmpsougsu001fimttmmf71qud,0,2,0%,7.5
https://snackspot.online/place/f740df6e-257a-46d8-897a-ab4c0386c56e,0,2,0%,9.5
https://snackspot.online/review/cmo35ktw10040boxq8c80o7gj,0,2,0%,14
https://snackspot.online/place/aa98b523-089f-4a31-8290-93555c6ac6d1,0,2,0%,35.5
https://snackspot.online/product/releases,0,2,0%,55.5
https://snackspot.online/review/cmppohyy30007imttgbx1a9g1,0,1,0%,8
https://snackspot.online/review/cmr0x13uv002kngcs8z4gtkgz,0,1,0%,11
https://snackspot.online/review/cmnusqerw00cjd2fmm6dkhscu,0,1,0%,12
https://snackspot.online/review/cmmoyjjot000idwu74h0vz6pm,0,1,0%,13
https://snackspot.online/place/6d85a281-88ab-4647-a495-0a5cc39d6c37,0,1,0%,14
https://snackspot.online/place/a13c3e1f-f319-4c41-815e-a2c6addcbd13,0,1,0%,71