Meest uitgevoerde zoekopdrachten,Aantal klikken,Vertoningen,CTR,Positie
snackspot,70,600,11.67%,4.04
snack spot,9,464,1.94%,7.54
delfino mill,1,1,100%,12
snacky spot,0,71,0%,10.49
the snack spot,0,44,0%,11.16
snack spot photos,0,17,0%,10
snack bar near me,0,13,0%,48.15
spot snack,0,11,0%,10.91
snacks spot,0,9,0%,10.78
the snack spot menu,0,8,0%,10.38
da verdi reviews,0,6,0%,8.67
snack spot reviews,0,5,0%,8
elementari food,0,4,0%,7.75
reviews voor da verdi,0,4,0%,9
auschwitz birkenau,0,2,0%,2.5
snack place,0,2,0%,24.5
dominium chorzów,0,2,0%,35.5
good snack places near me,0,2,0%,39.5
snacks bar near me,0,2,0%,45
snack places near me open now,0,2,0%,61
ausschwitz,0,1,0%,1
oświęcim,0,1,0%,1
pszczyna,0,1,0%,1
snack spots,0,1,0%,3
snack nearby,0,1,0%,9
nearby snack places,0,1,0%,10
hizmet bakkerij & shoarma menu,0,1,0%,12
shoarma mill,0,1,0%,12
near snack shop,0,1,0%,14
sami volkel,0,1,0%,14
nearby snacks,0,1,0%,15
hizmet bakkerij & shoarma,0,1,0%,16
snack places near me within 5 mi,0,1,0%,18
snack zone near me,0,1,0%,24
snack spot boulder,0,1,0%,29
what food spot is open,0,1,0%,34
snacks area,0,1,0%,38
sweet spots near me open now,0,1,0%,39
quick snack places near me,0,1,0%,41
snackwebsites,0,1,0%,67
snacking near me,0,1,0%,71
sphinx pizza,0,1,0%,71
a snack that hits the spot,0,1,0%,74